{
  "ok": true,
  "rows": 3179,
  "mean": 0.5460906728234709,
  "median": 0.4890520379970294,
  "p10": 0.21999999999999995,
  "min": 0.21999999999999975,
  "max": 1.4609877534216273,
  "below_0_20_share": 0.0,
  "below_0_10_share": 0.0
}