{
  "ok": true,
  "rows": 3179,
  "mean": 0.20368346231224108,
  "median": 0.14000000000000004,
  "p10": 0.1399999999999999,
  "min": 0.13999999999999976,
  "max": 0.8605629332700507,
  "below_0_20_share": 0.6753696130858761,
  "below_0_10_share": 0.0
}