{
  "ok": true,
  "rows": 3179,
  "mean": 0.37283378378845417,
  "median": 0.2973944265348212,
  "p10": 0.21999999999999992,
  "min": 0.21999999999999967,
  "max": 1.0950104273856567,
  "below_0_20_share": 0.0,
  "below_0_10_share": 0.0
}