{
  "ok": true,
  "rows": 3179,
  "mean": 0.35810440764184703,
  "median": 0.30954557835160906,
  "p10": 0.13999999999999999,
  "min": 0.13999999999999982,
  "max": 1.1430159222192713,
  "below_0_20_share": 0.2906574394463668,
  "below_0_10_share": 0.0
}