{
  "ok": true,
  "rows": 3179,
  "mean": 0.37322848872009706,
  "median": 0.2936559849804723,
  "p10": 0.2199999999999999,
  "min": 0.2199999999999996,
  "max": 1.1438657632130278,
  "below_0_20_share": 0.0,
  "below_0_10_share": 0.0
}