{
  "generated_at_utc": "2026-02-17T21:57:52.427974+00:00",
  "source_returns": "runs_plus/wf_oos_returns.csv",
  "primary_metrics": {
    "n": 795,
    "sharpe": 1.4569493226138537,
    "hit_rate": 0.4867924528301887,
    "ann_return": 0.050416235130621344,
    "ann_vol": 0.03460397305861214,
    "max_drawdown": -0.018935520170786146
  },
  "strict_oos": {
    "method": "strict_holdout_costed",
    "source": "runs_plus/daily_returns.csv",
    "rows_total": 3179,
    "split_index": 2384,
    "train_frac_requested": 0.75,
    "train_rows": 2384,
    "oos_rows": 795,
    "metrics_full_net": {
      "n": 3179,
      "mean_daily": 0.0003283864709362013,
      "vol_daily": 0.003543438190543353,
      "sharpe": 1.4711625646537978,
      "hit_rate": 0.4885184020132117,
      "max_drawdown": -0.038522492460500546,
      "ann_return_arith": 0.08275339067592273,
      "ann_vol": 0.0562503374298385
    },
    "metrics_train_net": {
      "n": 2384,
      "mean_daily": 0.00037117842832826376,
      "vol_daily": 0.003892841578223111,
      "sharpe": 1.5136179476946297,
      "hit_rate": 0.4890939597315436,
      "max_drawdown": -0.038522492460500546,
      "ann_return_arith": 0.09353696393872246,
      "ann_vol": 0.06179694425610328
    },
    "metrics_oos_net": {
      "n": 795,
      "mean_daily": 0.00020006442512151326,
      "vol_daily": 0.002179845407853972,
      "sharpe": 1.4569493226138537,
      "hit_rate": 0.4867924528301887,
      "max_drawdown": -0.01908538405887107,
      "ann_return_arith": 0.050416235130621344,
      "ann_vol": 0.03460397307448664
    },
    "metrics_oos_robust": {
      "n": 252,
      "sharpe": 1.6332610987631697,
      "hit_rate": 0.4853487412298803,
      "max_drawdown": -0.03852249246050046,
      "sharpe_p25": 1.5607321019547082,
      "hit_rate_p25": 0.48431685273790537,
      "max_drawdown_worst": -0.03852249246050049,
      "num_splits": 5
    },
    "metrics_oos_latest": {
      "n": 252,
      "mean_daily": 0.00025696288877070114,
      "vol_daily": 0.0023730109830387334,
      "sharpe": 1.718980412782009,
      "hit_rate": 0.48412698412698413,
      "max_drawdown": -0.019085384058871113,
      "ann_return_arith": 0.06475464797021668,
      "ann_vol": 0.037670381517272415
    },
    "latest_holdout_days_requested": 252,
    "latest_holdout_days_used": 252,
    "robust_oos_splits_file": "/Users/desmondpottle/Documents/New project/q/runs_plus/strict_oos_splits.json",
    "cost_context": {
      "gross_full": {
        "n": 3179,
        "mean_daily": 0.00040452008068524376,
        "vol_daily": 0.0035441800837865867,
        "sharpe": 1.811859739386849,
        "hit_rate": 0.5055048757470902,
        "max_drawdown": -0.03771380700722453,
        "ann_return_arith": 0.10193906033268142,
        "ann_vol": 0.056262114619964235
      },
      "cost": {
        "mean_daily": 7.61336097490425e-05,
        "ann_cost_estimate": 0.01918566965675871,
        "sum": 0.24202874539220612
      }
    }
  },
  "cost_stress": {
    "ok": false,
    "weights_source": "runs_plus/portfolio_weights_final.csv",
    "rows_total": 3179,
    "thresholds": {
      "min_robust_sharpe": 0.9,
      "min_robust_hit_rate": 0.48,
      "min_robust_hit_rate_effective": 0.475,
      "robust_hit_rate_tolerance": 0.005,
      "max_abs_robust_mdd": 0.12
    },
    "settings": {
      "bps_list": [
        10.0,
        15.0,
        20.0
      ],
      "vol_scaled_bps": 0.6897987767221483,
      "vol_lookback": 20,
      "vol_ref_daily": 0.0063,
      "half_turnover": true,
      "fixed_daily_fee": 0.0,
      "cash_yield_annual": 0.01,
      "cash_exposure_target": 1.0
    },
    "worst_case_robust": {
      "sharpe": 1.2329109627508448,
      "hit_rate": 0.46624136097820307,
      "hit_rate_n": 252,
      "max_drawdown": -0.04353226359693123
    },
    "scenarios": [
      {
        "base_bps": 10.0,
        "oos_sharpe": 1.4569493226138537,
        "oos_hit_rate": 0.4867924528301887,
        "oos_max_drawdown": -0.01908538405887107,
        "oos_n": 795,
        "oos_robust_sharpe": 1.6332610987631697,
        "oos_robust_hit_rate": 0.4853487412298803,
        "oos_robust_max_drawdown": -0.03852249246050046,
        "oos_robust_n": 252,
        "ann_cost_estimate": 0.01918566965675871
      },
      {
        "base_bps": 15.0,
        "oos_sharpe": 1.2142669845353649,
        "oos_hit_rate": 0.47924528301886793,
        "oos_max_drawdown": -0.019729936630141803,
        "oos_n": 795,
        "oos_robust_sharpe": 1.4332091704252325,
        "oos_robust_hit_rate": 0.4768740031897927,
        "oos_robust_max_drawdown": -0.040880049700677684,
        "oos_robust_n": 252,
        "ann_cost_estimate": 0.028451022521659316
      },
      {
        "base_bps": 20.0,
        "oos_sharpe": 0.971257894433359,
        "oos_hit_rate": 0.4628930817610063,
        "oos_max_drawdown": -0.020374489201412507,
        "oos_n": 795,
        "oos_robust_sharpe": 1.2329109627508448,
        "oos_robust_hit_rate": 0.46624136097820307,
        "oos_robust_max_drawdown": -0.04353226359693123,
        "oos_robust_n": 252,
        "ann_cost_estimate": 0.037716375386559926
      }
    ],
    "reasons": [
      "cost_stress_robust_hit<0.475 (0.466; tol=0.005)"
    ]
  },
  "final_portfolio_info": {
    "steps": [
      "base=runs_plus/weights_tail_blend.csv",
      "adaptive_caps",
      "turnover_governor",
      "turnover_source=runs_plus/weights_turnover_budget_governed.csv",
      "meta_execution_gate",
      "council_gate",
      "meta_mix_leverage",
      "meta_mix_reliability",
      "legacy_scaler",
      "dna_stress_governor",
      "hive_diversification",
      "hive_persistence",
      "global_governor",
      "quality_governor",
      "regime_fracture_governor",
      "credit_leadlag_overlay",
      "microstructure_overlay",
      "calendar_event_overlay",
      "shock_mask_guard",
      "vol_target",
      "runtime_floor",
      "concentration_governor",
      "signal_deadzone"
    ],
    "T": 3179,
    "N": 41,
    "disabled_governors": [
      "asset_class_diversification",
      "capacity_impact_guard",
      "dream_coherence",
      "execution_hit_gate",
      "heartbeat_scaler",
      "low_vol_sleeve_blend",
      "macro_proxy_guard",
      "novaspine_context_boost",
      "novaspine_hive_boost",
      "rank_sleeve_blend",
      "reflex_health_governor",
      "regime_moe_governor",
      "symbolic_governor",
      "uncertainty_sizing"
    ],
    "runtime_total_floor_target": 0.22,
    "governor_params_profile_file": "/Users/desmondpottle/Documents/New project/q/runs_plus/governor_params_profile.json",
    "governor_params_applied": {
      "runtime_total_floor": 0.22,
      "shock_alpha": 0.8,
      "rank_sleeve_blend": 0.027669876018997355,
      "low_vol_sleeve_blend": 0.0,
      "meta_execution_gate_strength": 1.1500000000000001,
      "hit_gate_strength": 0.0,
      "hit_gate_threshold": 0.4058429447740963,
      "hit_gate_floor": 0.35,
      "hit_gate_ceiling": 1.05,
      "hit_gate_slope": 14.0,
      "signal_deadzone": 0.0015,
      "signal_deadzone_hit_sens": 1.0,
      "council_gate_strength": 0.65,
      "meta_mix_leverage_strength": 1.2000000000000002,
      "meta_reliability_strength": 0.7000000000000001,
      "global_governor_strength": 0.8,
      "heartbeat_scaler_strength": 1.2000000000000002,
      "quality_governor_strength": 0.8,
      "regime_moe_strength": 0.0,
      "uncertainty_sizing_strength": 1.25,
      "capacity_impact_strength": 0.0,
      "credit_leadlag_strength": 0.35,
      "microstructure_strength": 0.2,
      "calendar_event_strength": 0.12,
      "macro_proxy_strength": 0.0,
      "vol_target_strength": 0.45,
      "vol_target_annual": 0.1,
      "vol_target_lookback": 63,
      "vol_target_min_scalar": 0.4,
      "vol_target_max_scalar": 1.4,
      "vol_target_smooth_alpha": 0.1,
      "use_concentration_governor": true,
      "concentration_top1_cap": 0.16,
      "concentration_top3_cap": 0.38,