{
  "generated_at_utc": "2026-02-17T23:00:21.760959+00:00",
  "source_returns": "runs_plus/wf_oos_returns.csv",
  "primary_metrics": {
    "n": 795,
    "sharpe": 1.449032214987842,
    "hit_rate": 0.48427672955974843,
    "ann_return": 0.05121464062451711,
    "ann_vol": 0.03534403174186445,
    "max_drawdown": -0.018671590869319576
  },
  "strict_oos": {
    "method": "strict_holdout_costed",
    "source": "runs_plus/daily_returns.csv",
    "rows_total": 3179,
    "split_index": 2384,
    "train_frac_requested": 0.75,
    "train_rows": 2384,
    "oos_rows": 795,
    "metrics_full_net": {
      "n": 3179,
      "mean_daily": 0.00032866882005559136,
      "vol_daily": 0.0035449418005947257,
      "sharpe": 1.471802941456889,
      "hit_rate": 0.4875747090279962,
      "max_drawdown": -0.038936118430372646,
      "ann_return_arith": 0.08282454265400903,
      "ann_vol": 0.056274206499427
    },
    "metrics_train_net": {
      "n": 2384,
      "mean_daily": 0.00037049839838440736,
      "vol_daily": 0.0038859118467702678,
      "sharpe": 1.5135391567169973,
      "hit_rate": 0.4886744966442953,
      "max_drawdown": -0.038936118430372646,
      "ann_return_arith": 0.09336559639287066,
      "ann_vol": 0.061686938179643165
    },
    "metrics_oos_net": {
      "n": 795,
      "mean_daily": 0.0002032327008909409,
      "vol_daily": 0.002226464722889199,
      "sharpe": 1.449032214987842,
      "hit_rate": 0.48427672955974843,
      "max_drawdown": -0.018817344967617403,
      "ann_return_arith": 0.05121464062451711,
      "ann_vol": 0.03534403175773895
    },
    "metrics_oos_robust": {
      "n": 252,
      "sharpe": 1.628182233213451,
      "hit_rate": 0.48411060668592654,
      "max_drawdown": -0.038687764819103174,
      "sharpe_p25": 1.5481880370437688,
      "hit_rate_p25": 0.48219032429558745,
      "max_drawdown_worst": -0.038687764819103354,
      "num_splits": 5
    },
    "metrics_oos_latest": {
      "n": 252,
      "mean_daily": 0.00026931384392286424,
      "vol_daily": 0.0024083870693982078,
      "sharpe": 1.7751402123865585,
      "hit_rate": 0.47619047619047616,
      "max_drawdown": -0.01881734496761747,
      "ann_return_arith": 0.06786708866856178,
      "ann_vol": 0.03823195947846789
    },
    "latest_holdout_days_requested": 252,
    "latest_holdout_days_used": 252,
    "robust_oos_splits_file": "/Users/desmondpottle/Documents/New project/q/runs_plus/strict_oos_splits.json",
    "cost_context": {
      "gross_full": {
        "n": 3179,
        "mean_daily": 0.00040929351943277926,
        "vol_daily": 0.0035453810850404224,
        "sharpe": 1.8326191283956204,
        "hit_rate": 0.5048757470902799,
        "max_drawdown": -0.0371524576745732,
        "ann_return_arith": 0.10314196689706037,
        "ann_vol": 0.056281179923815795
      },
      "cost": {
        "mean_daily": 8.062469937718786e-05,
        "ann_cost_estimate": 0.02031742424305134,
        "sum": 0.2563059193200802
      }
    }
  },
  "cost_stress": {
    "ok": false,
    "weights_source": "runs_plus/portfolio_weights_final.csv",
    "rows_total": 3179,
    "thresholds": {
      "min_robust_sharpe": 0.9,
      "min_robust_hit_rate": 0.48,
      "min_robust_hit_rate_effective": 0.475,
      "robust_hit_rate_tolerance": 0.005,
      "max_abs_robust_mdd": 0.12
    },
    "settings": {
      "bps_list": [
        10.0,
        15.0,
        20.0
      ],
      "vol_scaled_bps": 0.6897987767221483,
      "vol_lookback": 20,
      "vol_ref_daily": 0.0063,
      "half_turnover": true,
      "fixed_daily_fee": 0.0,
      "cash_yield_annual": 0.01,
      "cash_exposure_target": 1.0
    },
    "worst_case_robust": {
      "sharpe": 1.2440181773360177,
      "hit_rate": 0.46517809675704413,
      "hit_rate_n": 252,
      "max_drawdown": -0.04350995292555007
    },
    "scenarios": [
      {
        "base_bps": 10.0,
        "oos_sharpe": 1.4729826494250455,
        "oos_hit_rate": 0.48553459119496856,
        "oos_max_drawdown": -0.018754661865749006,
        "oos_n": 795,
        "oos_robust_sharpe": 1.6479928464458993,
        "oos_robust_hit_rate": 0.4853487412298803,
        "oos_robust_max_drawdown": -0.03849289832866298,
        "oos_robust_n": 252,
        "ann_cost_estimate": 0.019394980069036206
      },
      {
        "base_bps": 15.0,
        "oos_sharpe": 1.22701879485098,
        "oos_hit_rate": 0.4742138364779874,
        "oos_max_drawdown": -0.019391945362801297,
        "oos_n": 795,
        "oos_robust_sharpe": 1.4461177930317213,
        "oos_robust_hit_rate": 0.47421584263689526,
        "oos_robust_max_drawdown": -0.040888578222999405,
        "oos_robust_n": 252,
        "ann_cost_estimate": 0.02876217468888782
      },
      {
        "base_bps": 20.0,
        "oos_sharpe": 0.980728960447437,
        "oos_hit_rate": 0.46163522012578617,
        "oos_max_drawdown": -0.0200292288598536,
        "oos_n": 795,
        "oos_robust_sharpe": 1.2440181773360177,
        "oos_robust_hit_rate": 0.46517809675704413,
        "oos_robust_max_drawdown": -0.04350995292555007,
        "oos_robust_n": 252,
        "ann_cost_estimate": 0.03812936930873943
      }
    ],
    "reasons": [
      "cost_stress_robust_hit<0.475 (0.465; tol=0.005)"
    ]
  },
  "external_holdout": {
    "ok": false,
    "reason": "missing_holdout_dir",
    "weights_source": "/Users/desmondpottle/Documents/New project/q/runs_plus/portfolio_weights_final.csv",
    "holdout_dir": "/Users/desmondpottle/Documents/New project/q/data_holdout",
    "returns_file": ""
  },
  "final_portfolio_info": {
    "steps": [
      "base=runs_plus/weights_asset_class_diversified.csv",
      "asset_class_diversification",
      "adaptive_caps",
      "turnover_governor",
      "turnover_source=runs_plus/weights_turnover_budget_governed.csv",
      "meta_execution_gate",
      "council_gate",
      "meta_mix_leverage",
      "meta_mix_reliability",
      "legacy_scaler",
      "dna_stress_governor",
      "hive_diversification",
      "hive_persistence",
      "global_governor",
      "quality_governor",
      "regime_fracture_governor",
      "credit_leadlag_overlay",
      "cross_sectional_momentum_overlay",
      "microstructure_overlay",
      "calendar_event_overlay",
      "shock_mask_guard",
      "vol_target",
      "runtime_floor",
      "concentration_governor",
      "signal_deadzone"
    ],
    "T": 3179,
    "N": 41,
    "disabled_governors": [
      "asset_class_diversification",
      "capacity_impact_guard",
      "dream_coherence",
      "execution_hit_gate",
      "heartbeat_scaler",
      "low_vol_sleeve_blend",
      "macro_proxy_guard",
      "novaspine_context_boost",
      "novaspine_hive_boost",
      "rank_sleeve_blend",
      "reflex_health_governor",
      "regime_moe_governor",
      "symbolic_governor",
      "uncertainty_sizing"
    ],
    "runtime_total_floor_target": 0.14,
    "governor_params_profile_file": "/Users/desmondpottle/Documents/New project/q/runs_plus/governor_params_profile.json",
    "governor_params_applied": {
      "runtime_total_floor": 0.14,
      "shock_alpha": 0.8,
      "rank_sleeve_blend": 0.027669876018997355,
      "low_vol_sleeve_blend": 0.0,
      "meta_execution_gate_strength": 1.1500000000000001,
      "hit_gate_strength": 0.0,
      "hit_gate_threshold": 0.4058429447740963,
      "hit_gate_floor": 0.35,
      "hit_gate_ceiling": 1.05,
      "hit_gate_slope": 14.0,
      "signal_deadzone": 0.0015,
      "signal_deadzone_hit_sens": 1.0,
      "council_gate_strength": 0.65,
      "meta_mix_leverage_strength": 1.2000000000000002,
      "meta_reliability_strength": 0.7000000000000001,
      "global_governor_strength": 0.8,
      "heartbeat_scaler_strength": 1.2000000000000002,
      "quality_governor_strength": 0.8,
      "regime_moe_strength": 0.0,
      "uncertainty_sizing_strength": 1.25,
      "capacity_impact_strength": 0.0,
      "credit_leadlag_strength": 0.35,
      "cross_sectional_momentum_strength": 0.16,
      "microstructure_strength": 0.2,