{
  "generated_at_utc": "2026-02-18T05:25:13.543732+00:00",
  "source_returns": "runs_plus/wf_oos_returns.csv",
  "primary_metrics": {
    "n": 795,
    "sharpe": 1.654441181852381,
    "hit_rate": 0.4930817610062893,
    "ann_return": 0.03669491071344744,
    "ann_vol": 0.0221796405273827,
    "max_drawdown": -0.01273577751101096
  },
  "equity_curve_detailed_png": true,
  "strict_oos": {
    "method": "strict_holdout_costed",
    "source": "runs_plus/daily_returns.csv",
    "rows_total": 3179,
    "split_index": 2384,
    "train_frac_requested": 0.75,
    "train_rows": 2384,
    "oos_rows": 795,
    "metrics_full_net": {
      "n": 3179,
      "mean_daily": 0.00016465006286165476,
      "vol_daily": 0.0019164532570621904,
      "sharpe": 1.3638416217389246,
      "hit_rate": 0.5017301038062284,
      "max_drawdown": -0.030272590564369706,
      "ann_return_arith": 0.041491815841137,
      "ann_vol": 0.03042275230479777
    },
    "metrics_train_net": {
      "n": 2384,
      "mean_daily": 0.00017099783700494004,
      "vol_daily": 0.002060943284100699,
      "sharpe": 1.317118491135316,
      "hit_rate": 0.5046140939597316,
      "max_drawdown": -0.030272590564369706,
      "ann_return_arith": 0.04309145492524489,
      "ann_vol": 0.03271646037563513
    },
    "metrics_oos_net": {
      "n": 795,
      "mean_daily": 0.00014561472505336285,
      "vol_daily": 0.0013971860249110501,
      "sharpe": 1.654441181852381,
      "hit_rate": 0.4930817610062893,
      "max_drawdown": -0.012765727439257288,
      "ann_return_arith": 0.03669491071344744,
      "ann_vol": 0.022179640543257207
    },
    "metrics_oos_robust": {
      "n": 252,
      "sharpe": 1.5540573840315708,
      "hit_rate": 0.4954811270600744,
      "max_drawdown": -0.02772022733016362,
      "sharpe_p25": 1.5138277121021013,
      "hit_rate_p25": 0.4930817610062893,
      "max_drawdown_worst": -0.027720227330163633,
      "num_splits": 5
    },
    "metrics_oos_latest": {
      "n": 252,
      "mean_daily": 0.00015011225455922766,
      "vol_daily": 0.0015918175652702901,
      "sharpe": 1.4970045675033141,
      "hit_rate": 0.4880952380952381,
      "max_drawdown": -0.012765727439257323,
      "ann_return_arith": 0.037828288148925374,
      "ann_vol": 0.025269320461737087
    },
    "oos_horizons": {
      "oos_63d": {
        "n": 63,
        "mean_daily": 0.00013475917578945816,
        "vol_daily": 0.001144908572349714,
        "sharpe": 1.8684772284893179,
        "hit_rate": 0.5555555555555556,
        "max_drawdown": -0.005055294876369222,
        "ann_return_arith": 0.03395931229894346,
        "ann_vol": 0.018174860138060068
      },
      "oos_126d": {
        "n": 126,
        "mean_daily": 0.00011041869861454473,
        "vol_daily": 0.0013767785660051342,
        "sharpe": 1.273147725446453,
        "hit_rate": 0.48412698412698413,
        "max_drawdown": -0.009597289698704117,
        "ann_return_arith": 0.02782551205086527,
        "ann_vol": 0.021855682176322267
      },
      "oos_252d": {
        "n": 252,
        "mean_daily": 0.00015011225455922766,
        "vol_daily": 0.0015918175652702901,
        "sharpe": 1.4970045675033141,
        "hit_rate": 0.4880952380952381,
        "max_drawdown": -0.012765727439257323,
        "ann_return_arith": 0.037828288148925374,
        "ann_vol": 0.025269320461737087
      }
    },
    "all_horizons_pass": true,
    "latest_holdout_days_requested": 252,
    "latest_holdout_days_used": 252,
    "robust_oos_splits_file": "/Users/desmondpottle/Documents/New project/q/runs_plus/strict_oos_splits.json",
    "cost_context": {
      "gross_full": {
        "n": 3179,
        "mean_daily": 0.0001909704306420633,
        "vol_daily": 0.0019177061333134234,
        "sharpe": 1.5808269842871605,
        "hit_rate": 0.5086505190311419,
        "max_drawdown": -0.03004816674651198,
        "ann_return_arith": 0.04812454852179995,
        "ann_vol": 0.03044264109870358
      },
      "cost": {
        "mean_daily": 2.6320367780408496e-05,
        "ann_cost_estimate": 0.006632732680662941,
        "sum": 0.08367244917391861
      }
    }
  },
  "cost_stress": {
    "ok": true,
    "weights_source": "runs_plus/portfolio_weights_final.csv",
    "rows_total": 3179,
    "thresholds": {
      "min_robust_sharpe": 0.9,
      "min_robust_hit_rate": 0.48,
      "min_robust_hit_rate_effective": 0.475,
      "robust_hit_rate_tolerance": 0.005,
      "max_abs_robust_mdd": 0.12
    },
    "settings": {
      "bps_list": [
        10.0,
        15.0,
        20.0
      ],
      "vol_scaled_bps": 0.6897987767221483,
      "vol_lookback": 20,
      "vol_ref_daily": 0.0063,
      "half_turnover": true,
      "fixed_daily_fee": 0.0,
      "cash_yield_annual": 0.01,
      "cash_exposure_target": 1.0
    },
    "worst_case_robust": {
      "sharpe": 1.3264795488185777,
      "hit_rate": 0.4885699096225412,
      "hit_rate_n": 252,
      "max_drawdown": -0.027720227330163626
    },
    "scenarios": [
      {
        "base_bps": 10.0,
        "oos_sharpe": 1.6701835960117095,
        "oos_hit_rate": 0.4968553459119497,
        "oos_max_drawdown": -0.012723988754164015,
        "oos_n": 795,
        "oos_robust_sharpe": 1.5656091494957904,
        "oos_robust_hit_rate": 0.49707602339181284,
        "oos_robust_max_drawdown": -0.02772022733016362,
        "oos_robust_n": 252,
        "ann_cost_estimate": 0.006331595806919221
      },
      {
        "base_bps": 15.0,
        "oos_sharpe": 1.506918101072044,
        "oos_hit_rate": 0.48930817610062893,
        "oos_max_drawdown": -0.013154836507143261,
        "oos_n": 795,
        "oos_robust_sharpe": 1.446154156356472,
        "oos_robust_hit_rate": 0.49282296650717705,
        "oos_robust_max_drawdown": -0.02772022733016362,
        "oos_robust_n": 252,
        "ann_cost_estimate": 0.009436873111928784
      },
      {
        "base_bps": 20.0,
        "oos_sharpe": 1.343112880955285,
        "oos_hit_rate": 0.4830188679245283,
        "oos_max_drawdown": -0.013585684260122438,
        "oos_n": 795,
        "oos_robust_sharpe": 1.3264795488185777,
        "oos_robust_hit_rate": 0.4885699096225412,
        "oos_robust_max_drawdown": -0.027720227330163626,
        "oos_robust_n": 252,
        "ann_cost_estimate": 0.012542150416938349
      }
    ],
    "reasons": []
  },
  "external_holdout": {
    "ok": true,
    "skipped": false,
    "required": true,
    "method": "external_untouched_frozen_weights",
    "weights_source": "/Users/desmondpottle/Documents/New project/q/runs_plus/portfolio_weights_final.csv",
    "rows": 474,
    "assets": 41,
    "symbols_used": [
      "AUDUSD",
      "CORN",
      "CPER",
      "DGS10",
      "DGS2",
      "DGS30",
      "DGS3MO",
      "DGS5",
      "EEM",
      "EFA",
      "EURUSD",
      "GBPUSD",
      "GLD",
      "HYG",
      "HYG_TR",
      "HYG_TR_5",
      "HYG_TR_7",
      "IEF",
      "IWM",
      "JPYUSD",
      "LQD",
      "LQD_TR",
      "QQQ",
      "RSP",
      "SPY",
      "TLT",
      "UNG",
      "USO",
      "VIX",
      "VIX3M",
      "VIX9D",
      "VIXCLS",
      "WEAT",
      "XLB",
      "XLE",
      "XLF",
      "XLI",
      "XLK",
      "XLU",
      "XLV",
      "XLY"
    ],
    "data_source": {
      "kind": "holdout_dir_prices",
      "detail": "/Users/desmondpottle/Documents/New project/q/data_holdout"
    },
    "metrics_external_holdout_net": {
      "n": 474,
      "mean_daily": 0.0001208742061714833,
      "vol_daily": 0.0009066522924381832,
      "sharpe": 2.1163775272132663,
      "hit_rate": 0.5358649789029536,
      "max_drawdown": -0.006977123219724556,
      "ann_return_arith": 0.03046029995521379,
      "ann_vol": 0.01439265894838824
    },
    "cost_context": {
      "base_bps": 10.0,
      "vol_scaled_bps": 0.6897987767221483,
      "mean_cost_daily": 0.0,
      "ann_cost_estimate": 0.0,
      "mean_turnover": 0.0,
      "mean_effective_cost_bps": 10.088622634558238,
      "mean_cash_fraction": 0.86,